unique_id,country,district,site,year,season,plant_date,harvest_date,field_latitude,field_longitude,plot_acres,hybrid,flood,drought,pest_disease,mlnd,msv,intercrop,dap_kg_pa,urea_kg_pa,weed,yield_kg_pa,yield_kg_ph,district_season_median_yield,stress_threshold,stress_label,stress_severity
8c01dd3a,Uganda,kamuli,buganza,2020,lr,15-Mar-20,,0.86251,33.18538,0.5179693699,1.0,0.0,1.0,0.0,,,0.0,12.066351,,,820.59302,2027.7263,710.993255,497.6952785,0,None
74eae24d,Uganda,iganga,kalalu,2020,lr,28-Mar-20,,0.7004283333,33.60658167,1.03593874,1.0,0.0,1.0,1.0,,,0.0,0.0,0.0,,314.74799,777.758,505.845,354.0915,1,Mild
967282de,Uganda,iganga,kalalu,2020,lr,4-Apr-20,,0.7083716667,33.61091167,0.2695991397,0.0,0.0,1.0,0.0,,,1.0,0.0,0.0,,134.892,333.32486,505.845,354.0915,1,Extreme
d7b2f5c8,Uganda,iganga,kalalu,2020,lr,5-Mar-20,,0.7086066667,33.61092,0.5179693699,1.0,0.0,1.0,0.0,,,0.0,12.066351,,,269.784,666.64972,505.845,354.0915,1,Mild
9aa1d12b,Uganda,kamuli,bulange,2020,lr,18-Mar-20,,0.9157483333,33.25372,0.0990261361,0.0,0.0,1.0,0.0,,,1.0,0.0,0.0,,668.83948,1652.7358,710.993255,497.6952785,1,None
7099c20a,Uganda,kamuli,bulange,2020,lr,12-Mar-20,,0.915715,33.253715,0.2589846849,1.0,0.0,0.0,0.0,,,0.0,9.65308,28.186995,,921.76196,2277.72,710.993255,497.6952785,0,None
7161d95c,Uganda,jinja,butamira,2020,lr,1-Apr-20,,0.6552883333,33.18820333,0.4208610952,1.0,0.0,1.0,1.0,,,0.0,7.1282425,9.504324,,224.82001,555.5415,814.97247,570.480729,1,Extreme
d9b0e48b,Uganda,jinja,butamira,2020,lr,1-Apr-20,,0.6550416667,33.18717333,0.3091638982,1.0,0.0,1.0,1.0,,,0.0,0.0,0.0,,1157.823,2861.0386,814.97247,570.480729,0,None
1a5d03e7,Uganda,kamuli,bwiiza,2020,lr,24-Mar-20,,0.949405,32.984375,1.078396559,0.0,0.0,1.0,0.0,,,1.0,0.0,0.0,,2090.8259,5166.5356,710.993255,497.6952785,0,None
7fb17356,Uganda,kamuli,bwiiza,2020,lr,15-Mar-20,,0.9491583333,32.98457333,1.03593874,1.0,0.0,1.0,0.0,,,0.0,11.583696,11.583696,,1573.74,3888.7903,710.993255,497.6952785,0,None
42f1acc6,Uganda,kamuli,bulange,2020,lr,15-Mar-20,,0.8952216667,33.269165,0.5179693699,1.0,0.0,1.0,1.0,,,0.0,12.066351,20.754124,,826.2135,2041.6149,710.993255,497.6952785,0,None
3a4ffaef,Uganda,iganga,nakalama,2020,lr,7-Mar-20,,0.6301066667,33.51320333,1.03593874,1.0,0.0,1.0,1.0,,,0.0,12.066351,,,578.9115,1430.5193,505.845,354.0915,0,None
06d64bc8,Uganda,jinja,butamira,2020,lr,15-Mar-20,,0.6240133333,33.20767333,0.2853820622,1.0,1.0,0.0,1.0,,,0.0,0.0,0.0,,1079.136,2666.5989,814.97247,570.480729,0,None
8797b123,Uganda,kamuli,nakulyaku,2020,lr,18-Mar-20,,0.9958933333,33.123875,0.5179693699,1.0,0.0,0.0,1.0,,,1.0,7.7224646,15.444929,,736.28552,1819.3983,710.993255,497.6952785,0,None
701287d4,Uganda,iganga,naibiri,2020,lr,21-Mar-20,,0.8436966667,33.52919833,2.156793118,1.0,0.0,0.0,0.0,,,0.0,11.127632,0.0,,337.23001,833.31219,505.845,354.0915,1,Mild
77550512,Uganda,iganga,naibiri,2020,lr,14-Apr-20,,0.8436766667,33.52909333,1.03593874,1.0,0.0,0.0,1.0,,,0.0,12.066351,9.65308,,438.39902,1083.3059,505.845,354.0915,1,None
48a8b286,Uganda,kamuli,bulange,2020,lr,10-Mar-20,,0.9061683333,33.23916333,0.2589846849,1.0,0.0,0.0,1.0,,,1.0,9.65308,23.167393,,1062.2745,2624.9336,710.993255,497.6952785,0,None
ac090010,Uganda,kamuli,nakulyaku,2020,lr,6-Mar-20,,0.994955,33.10738833,0.5391982794,1.0,0.0,1.0,0.0,,,0.0,0.0,0.0,,207.9585,513.87585,710.993255,497.6952785,1,Extreme
c808c0a1,Uganda,kamuli,nakulyaku,2020,lr,10-Mar-20,,0.9889266667,33.10667167,1.03593874,1.0,0.0,1.0,1.0,,,1.0,0.0,19.30616,,314.74799,777.758,710.993255,497.6952785,1,Severe
63ed89fc,Uganda,kamuli,bwiiza,2020,lr,25-Feb-20,,0.97885,32.99067167,1.617594838,0.0,0.0,1.0,0.0,,,1.0,9.2730265,0.0,,314.74799,777.758,710.993255,497.6952785,1,Severe
adacbddd,Uganda,kamuli,bwiiza,2020,lr,8-Mar-20,,0.9789866667,32.99075167,0.5179693699,1.0,0.0,1.0,0.0,,,0.0,9.65308,4.82654,,1084.7565,2680.4875,710.993255,497.6952785,0,None
2402fdbe,Uganda,iganga,naibiri,2020,lr,15-Mar-20,,0.8245683333,33.534015,0.5179693699,1.0,0.0,1.0,0.0,,,0.0,12.066351,0.0,,309.1275,763.86951,505.845,354.0915,1,Mild
b393c8d3,Uganda,kamuli,bulange,2020,lr,6-Mar-20,,0.8982033333,33.24310167,0.1732957363,0.0,0.0,0.0,0.0,,,1.0,0.0,0.0,,584.53198,1444.4077,710.993255,497.6952785,1,None
a50ddc77,Uganda,kamuli,bulange,2020,lr,8-Mar-20,,0.8982033333,33.24316,0.5179693699,1.0,0.0,0.0,1.0,,,1.0,,32.337818,,1011.69,2499.9365,710.993255,497.6952785,0,None
1f709edf,Uganda,iganga,kalalu,2020,lr,14-Mar-20,,0.7050633333,33.61046,0.2589846849,1.0,0.0,0.0,1.0,,,0.0,9.65308,28.959242,,1045.413,2583.2678,505.845,354.0915,0,None
53115883,Uganda,kamuli,bulange,2020,lr,10-Mar-20,,0.89199,33.26361667,0.5391982794,1.0,0.0,0.0,1.0,,,0.0,0.0,0.0,,1416.3661,3499.9114,710.993255,497.6952785,0,None
a92ebf5c,Uganda,kamuli,bulange,2020,lr,15-Feb-20,,0.89198,33.26365333,1.03593874,1.0,0.0,0.0,1.0,,,0.0,12.066351,18.340853,,927.38251,2291.6086,710.993255,497.6952785,0,None
80ef7252,Uganda,jinja,butamira,2020,lr,9-Feb-20,,0.629025,33.22764,0.5179693699,1.0,0.0,0.0,1.0,,,0.0,0.0,28.959242,,1247.7511,3083.2554,814.97247,570.480729,0,None
18334471,Uganda,iganga,naibiri,2020,lr,19-Mar-20,,0.8171766667,33.50702,0.5391982794,0.0,0.0,1.0,0.0,,,1.0,0.0,0.0,,118.03049,291.65924,505.845,354.0915,1,Extreme
169089ab,Uganda,iganga,naibiri,2020,lr,13-Apr-20,,0.81713,33.50709333,0.2071877569,1.0,0.0,1.0,1.0,,,0.0,12.06635,0.0,,241.6815,597.20709,505.845,354.0915,1,Severe
4fadeb84,Uganda,jinja,butamira,2020,lr,12-Mar-20,,0.6242,33.208685,0.5391982794,0.0,1.0,0.0,1.0,,,1.0,0.0,9.2730265,,517.086,1277.7454,814.97247,570.480729,1,Mild
3b844524,Uganda,jinja,butamira,2020,lr,6-Mar-20,,0.624505,33.20770333,0.5179693699,1.0,0.0,0.0,0.0,,,1.0,,34.751091,,1051.0336,2597.1565,814.97247,570.480729,0,None
5b2b2a17,Uganda,iganga,kalalu,2020,lr,17-Mar-20,,0.696905,33.61314833,0.5179693699,1.0,0.0,1.0,1.0,,,0.0,0.0,0.0,,668.83948,1652.7358,505.845,354.0915,0,None
051fbfb0,Uganda,iganga,nakalama,2020,lr,27-Mar-20,,0.6407433333,33.54168167,0.5179693699,1.0,0.0,1.0,1.0,,,0.0,12.066351,34.268436,,590.15253,1458.2964,505.845,354.0915,0,None
a9753caf,Uganda,iganga,naibiri,2020,lr,29-Feb-20,,0.8166516667,33.51518833,0.2589846849,1.0,0.0,0.0,1.0,,,1.0,9.65308,28.959242,,1337.679,3305.4717,505.845,354.0915,0,None
0f51556f,Uganda,kamuli,bulange,2020,lr,7-Apr-20,,0.9135833333,33.24750833,0.5391982794,0.0,0.0,0.0,1.0,,,1.0,0.0,0.0,,157.37399,388.879,710.993255,497.6952785,1,Extreme
55f10d9f,Uganda,kamuli,bulange,2020,lr,8-Mar-20,,0.9125083333,33.24693333,0.2589846849,1.0,0.0,0.0,1.0,,,0.0,9.65308,25.098009,,1674.9089,4138.7837,710.993255,497.6952785,0,None
88ebf863,Uganda,kamuli,buganza,2020,lr,10-Mar-20,,0.8509033333,33.16756,0.2589846849,1.0,0.0,0.0,0.0,,,1.0,9.65308,28.959242,,2068.344,5110.9814,710.993255,497.6952785,0,None
d2d1de93,Uganda,kamuli,kasozi,2020,lr,18-Mar-20,,1.016173333,33.04117167,0.2589846849,1.0,0.0,1.0,0.0,,,0.0,7.7224646,19.30616,,607.01404,1499.962,710.993255,497.6952785,1,None
294cc626,Uganda,kamuli,bwiiza,2020,lr,18-Apr-20,,0.9287133333,33.007025,0.2589846849,1.0,0.0,1.0,0.0,,,1.0,10.618388,0.0,,651.97803,1611.0703,710.993255,497.6952785,1,None
6b57dc1f,Uganda,jinja,butamira,2020,lr,10-Apr-20,,0.6473083333,33.20701333,0.5391982794,1.0,0.0,0.0,1.0,,,1.0,5.5638161,0.0,,854.31598,2111.0576,814.97247,570.480729,0,None
4946caa2,Uganda,jinja,butamira,2020,lr,3-Apr-20,,0.647405,33.208555,0.5179693699,1.0,0.0,0.0,1.0,,,0.0,0.0,23.167393,,1405.125,3472.134,814.97247,570.480729,0,None
3f4b0630,Uganda,jinja,butamira,2020,lr,29-Feb-20,,0.64018,33.225285,1.584418178,0.0,0.0,0.0,1.0,,,0.0,0.0,0.0,,640.737,1583.2932,814.97247,570.480729,1,None
1d839454,Uganda,jinja,butamira,2020,lr,19-Mar-20,,0.6405333333,33.225445,0.2616002262,1.0,0.0,0.0,0.0,,,0.0,0.0,0.0,,2079.585,5138.7583,814.97247,570.480729,0,None
61cb99b2,Uganda,jinja,butamira,2020,lr,15-Mar-20,,0.6183433333,33.20763,,1.0,0.0,0.0,1.0,,,0.0,0.0,0.0,,1888.4879,4666.5479,814.97247,570.480729,0,None
3d5440e9,Uganda,kamuli,bwiiza,2020,lr,29-Mar-20,,0.9613533333,32.99576833,0.5391982794,0.0,0.0,1.0,0.0,,,0.0,0.0,0.0,,1079.136,2666.5989,710.993255,497.6952785,0,None
e1d0f9e3,Uganda,kamuli,bulange,2020,lr,10-Mar-20,,0.90652,33.24190167,0.2695991397,0.0,0.0,0.0,1.0,,,1.0,0.0,0.0,,393.435,972.19757,710.993255,497.6952785,1,Mild
bd8d9394,Uganda,kamuli,bulange,2020,lr,20-Mar-20,,0.9072166667,33.23755167,0.5179693699,1.0,0.0,0.0,1.0,,,0.0,12.066351,9.65308,,1326.438,3277.6946,710.993255,497.6952785,0,None
9ae9643d,Uganda,kamuli,buganza,2020,lr,6-Apr-20,,0.8469216667,33.16480333,0.2589846849,1.0,0.0,0.0,1.0,,,1.0,9.65308,27.028625,,1236.51,3055.478,710.993255,497.6952785,0,None
c3c79763,Uganda,kamuli,bwiiza,2020,lr,27-Feb-20,,1.035266667,32.95146,0.2589846849,1.0,1.0,1.0,0.0,,,0.0,0.0,,,635.11652,1569.4047,710.993255,497.6952785,1,None
925b88c5,Uganda,kamuli,bwiiza,2020,lr,15-Mar-20,,0.9785216667,32.98777167,2.156793118,0.0,0.0,1.0,0.0,,,1.0,0.0,0.0,,1056.6539,2611.0447,710.993255,497.6952785,0,None
fed2a47e,Uganda,kamuli,bwiiza,2020,lr,4-Mar-20,,0.9779433333,32.98757667,0.2589846849,1.0,0.0,1.0,0.0,,,0.0,0.0,0.0,,961.10553,2374.9399,710.993255,497.6952785,0,None
b884da43,Uganda,iganga,kalalu,2020,lr,20-Apr-20,,0.6963183333,33.61254667,0.2589846849,1.0,0.0,1.0,0.0,,,1.0,0.0,0.0,,1118.4795,2763.8188,505.845,354.0915,0,None
7a0c6d38,Uganda,kamuli,buganza,2020,lr,27-Mar-20,,0.841135,33.14890667,0.5391982794,0.0,0.0,0.0,0.0,,,0.0,0.0,11.591283,,629.49597,1555.516,710.993255,497.6952785,1,None
489cb0ce,Uganda,kamuli,buganza,2020,lr,16-Mar-20,,0.84846,33.15715167,0.5179693699,1.0,0.0,0.0,0.0,,,1.0,12.066351,23.167393,,758.76752,1874.9525,710.993255,497.6952785,0,None
a5c708f7,Uganda,iganga,nakalama,2020,lr,25-Mar-20,,0.6543166667,33.51379,0.2071877569,1.0,0.0,1.0,1.0,,,0.0,12.06635,0.0,,1140.9614,2819.3728,505.845,354.0915,0,None
45e4f131,Uganda,kamuli,kasozi,2020,lr,18-Feb-20,,1.032805,33.01512667,0.5391982794,0.0,0.0,1.0,1.0,,,1.0,0.0,0.0,,106.7895,263.8822,710.993255,497.6952785,1,Extreme
4114477a,Uganda,kamuli,kasozi,2020,lr,17-Feb-20,,1.032856667,33.015145,0.5179693699,1.0,0.0,1.0,0.0,,,0.0,4.82654,11.583696,,320.3685,791.64661,710.993255,497.6952785,1,Severe
4fda2734,Uganda,kamuli,buganza,2020,lr,5-Apr-20,,0.8520333333,33.156435,0.5391982794,0.0,0.0,0.0,1.0,,,1.0,0.0,0.0,,252.9225,624.98413,710.993255,497.6952785,1,Severe
a87d3906,Uganda,kamuli,buganza,2020,lr,24-Mar-20,,0.8534516667,33.15718167,0.5179693699,1.0,0.0,1.0,0.0,,,1.0,,23.650047,,1360.161,3361.0259,710.993255,497.6952785,0,None
162681af,Uganda,jinja,butamira,2020,lr,12-Mar-20,,0.6466533333,33.196255,0.2589846849,1.0,0.0,1.0,1.0,,,0.0,7.7224646,13.514313,,814.97247,2013.8378,814.97247,570.480729,0,None
67dcf5ee,Uganda,jinja,butamira,2020,lr,15-Mar-20,,0.6406883333,33.20162,0.5391982794,1.0,1.0,0.0,0.0,,,1.0,0.0,0.0,,539.56799,1333.2994,814.97247,570.480729,1,Mild
6164e39c,Uganda,jinja,butamira,2020,lr,15-Mar-20,,0.6430283333,33.20445833,0.2589846849,1.0,0.0,0.0,1.0,,,0.0,7.7224646,7.7224646,,1421.9865,3513.7996,814.97247,570.480729,0,None
47baac26,Uganda,kamuli,nakulyaku,2020,lr,15-Mar-20,,0.985965,33.111825,1.0701828,1.0,0.0,0.0,0.0,,,1.0,4.6720991,0.0,,472.12198,1166.637,710.993255,497.6952785,1,Mild
41a77e52,Uganda,iganga,naibiri,2020,lr,29-Apr-20,,0.8432266667,33.52861167,0.2695991397,0.0,0.0,0.0,0.0,,,0.0,0.0,0.0,,944.24396,2333.2739,505.845,354.0915,0,None
0422176b,Uganda,iganga,naibiri,2020,lr,19-Mar-20,,0.84356,33.52899,0.5179693699,1.0,0.0,0.0,0.0,,,0.0,12.066351,,,1140.9614,2819.3728,505.845,354.0915,0,None
69d06920,Uganda,kamuli,bulange,2020,lr,9-Mar-20,,0.9145166667,33.251155,0.2853820622,1.0,0.0,0.0,0.0,,,0.0,10.512223,31.536671,,1185.9255,2930.4812,710.993255,497.6952785,0,None
f28ae1c4,Uganda,jinja,butamira,2020,lr,3-Mar-20,,0.64304,33.19890167,0.07426960766,0.0,0.0,1.0,1.0,,,1.0,0.0,0.0,,460.88098,1138.86,814.97247,570.480729,1,Mild
41c487ed,Uganda,jinja,butamira,2020,lr,20-Mar-20,,0.64194,33.20861833,0.2589846849,1.0,0.0,0.0,1.0,,,0.0,0.0,0.0,,1629.9449,4027.6755,814.97247,570.480729,0,None
7a7a73d2,Uganda,kamuli,bwiiza,2020,lr,6-Mar-20,,0.9223966667,32.99113833,0.247565344,0.0,0.0,1.0,0.0,,,0.0,0.0,0.0,,399.05548,986.08606,710.993255,497.6952785,1,Mild
189899f3,Uganda,kamuli,bwiiza,2020,lr,16-Apr-20,,0.9219916667,32.991175,0.2378183901,1.0,0.0,1.0,0.0,,,0.0,,0.0,,871.17749,2152.7231,710.993255,497.6952785,0,None
997a63bb,Uganda,kamuli,kasozi,2020,lr,25-Mar-20,,0.99843,32.991775,0.5391982794,0.0,0.0,1.0,0.0,,,0.0,0.0,0.0,,179.856,444.43317,710.993255,497.6952785,1,Extreme
73995785,Uganda,kamuli,kasozi,2020,lr,26-Mar-20,,0.998175,32.99217167,0.2589846849,1.0,0.0,1.0,0.0,,,1.0,0.0,25.098009,,505.845,1249.9683,710.993255,497.6952785,1,None
3ecb746f,Uganda,kamuli,buganza,2020,lr,20-Mar-20,,0.8482216667,33.16516167,0.2589846849,1.0,0.0,0.0,0.0,,,1.0,8.6877728,21.236776,,1191.546,2944.3699,710.993255,497.6952785,0,None
d27029af,Uganda,iganga,kalalu,2020,lr,18-Feb-20,,0.6787783333,33.622865,0.2695991397,0.0,0.0,0.0,0.0,,,1.0,0.0,0.0,,472.12198,1166.637,505.845,354.0915,1,None
e4c2615b,Uganda,iganga,kalalu,2020,lr,10-Mar-20,,0.67951,33.62484167,0.5179693699,1.0,0.0,1.0,1.0,,,1.0,12.066351,0.0,,786.87,1944.3951,505.845,354.0915,0,None
babb2b2d,Uganda,iganga,naibiri,2020,lr,6-Apr-20,,0.8433033333,33.528305,,1.0,0.0,1.0,0.0,,,0.0,0.0,0.0,,859.93652,2124.946,505.845,354.0915,0,None
f4861206,Uganda,kamuli,kasozi,2020,lr,5-Mar-20,,1.034173333,33.01778833,0.5391982794,0.0,0.0,1.0,0.0,,,1.0,0.0,0.0,,202.338,499.9873,710.993255,497.6952785,1,Extreme
c0f6df54,Uganda,kamuli,kasozi,2020,lr,15-Mar-20,,1.03244,33.01417167,0.2378183901,1.0,0.0,1.0,1.0,,,0.0,0.0,0.0,,876.79803,2166.6118,710.993255,497.6952785,0,None
81014f89,Uganda,kamuli,buganza,2020,lr,13-Mar-20,,0.83947,33.15698167,0.5179693699,1.0,0.0,0.0,0.0,,,1.0,12.066351,24.132702,,983.58752,2430.4939,710.993255,497.6952785,0,None
5bc6642c,Uganda,kamuli,nakulyaku,2020,lr,6-Apr-20,,0.96622,33.12782167,0.123782672,1.0,0.0,1.0,0.0,,,0.0,0.0,0.0,,708.18304,1749.9557,710.993255,497.6952785,1,None
be7a5824,Uganda,kamuli,nakulyaku,2020,lr,5-Mar-20,,0.9662566667,33.12746167,0.2589846849,1.0,0.0,1.0,0.0,,,0.0,0.0,0.0,,1309.5764,3236.0288,710.993255,497.6952785,0,None
10760b7a,Uganda,jinja,butamira,2020,lr,15-Mar-20,,0.6153783333,33.21792667,0.5179693699,1.0,0.0,0.0,1.0,,,1.0,11.583696,34.751091,,1506.2939,3722.1277,814.97247,570.480729,0,None
aea047ff,Uganda,iganga,kalalu,2020,lr,1-May-20,,0.6861833333,33.61343667,0.1347995698,0.0,0.0,1.0,1.0,,,0.0,0.0,3.7092106,,146.133,361.10193,505.845,354.0915,1,Extreme
dd79099c,Uganda,kamuli,buganza,2020,lr,8-Mar-20,,0.865975,33.17149,0.2589846849,1.0,0.0,0.0,0.0,,,0.0,9.65308,19.30616,,837.45447,2069.3918,710.993255,497.6952785,0,None
1292b6b1,Uganda,jinja,butamira,2020,lr,15-Mar-20,,0.6182016667,33.18486667,0.5179693699,1.0,0.0,1.0,0.0,,,0.0,,,,1365.7815,3374.9143,814.97247,570.480729,0,None
4555689d,Uganda,iganga,naibiri,2020,lr,20-Apr-20,,0.8285133333,33.52178833,1.617594838,0.0,0.0,1.0,1.0,,,0.0,0.0,0.0,,663.21899,1638.8473,505.845,354.0915,0,None
a912a892,Uganda,iganga,naibiri,2020,lr,17-Mar-20,,0.8285833333,33.52173333,0.2589846849,1.0,0.0,0.0,0.0,,,0.0,9.65308,28.959242,,651.97803,1611.0703,505.845,354.0915,0,None
ebbca498,Uganda,kamuli,nakulyaku,2020,lr,24-Mar-20,,0.9456116667,33.08713667,0.5179693699,1.0,0.0,1.0,1.0,,,1.0,3.3785782,0.0,,1236.51,3055.478,710.993255,497.6952785,0,None
8a7bcb2d,Uganda,kamuli,nakulyaku,2020,lr,10-Mar-20,,0.9712683333,33.11552333,0.2695991397,0.0,0.0,1.0,1.0,,,1.0,0.0,0.0,,382.194,944.42047,710.993255,497.6952785,1,Mild
0a87a3eb,Uganda,kamuli,nakulyaku,2020,lr,18-Mar-20,,0.9852766667,33.11366667,0.2589846849,1.0,0.0,0.0,1.0,,,0.0,9.65308,9.65308,,2270.6821,5610.9692,710.993255,497.6952785,0,None
317fadb7,Uganda,iganga,kalalu,2020,lr,25-Apr-20,,0.7052716667,33.61091333,0.2695991397,0.0,0.0,0.0,0.0,,,0.0,0.0,0.0,,848.6955,2097.1689,505.845,354.0915,0,None
527c6d63,Uganda,iganga,kalalu,2020,lr,20-Mar-20,,0.705225,33.6109,0.2589846849,1.0,0.0,0.0,0.0,,,0.0,9.65308,28.959242,,809.35199,1999.9492,505.845,354.0915,0,None
45b030ac,Uganda,iganga,nakalama,2020,lr,28-Mar-20,,0.6509416667,33.52992667,0.2071877569,1.0,1.0,0.0,0.0,,,1.0,12.06635,0.0,,505.845,1249.9683,505.845,354.0915,0,None
cc04b8b8,Uganda,iganga,naibiri,2020,lr,13-Mar-20,,0.827345,33.50738,0.5391982794,0.0,0.0,1.0,1.0,,,1.0,3.7092106,0.0,,348.47098,861.08923,505.845,354.0915,1,Mild
d6a4466b,Uganda,iganga,naibiri,2020,lr,13-Mar-20,,0.8272816667,33.50735,0.2071877569,1.0,0.0,1.0,1.0,,,1.0,12.06635,0.0,,1017.3105,2513.8252,505.845,354.0915,0,None
d50e8661,Uganda,kamuli,buganza,2020,lr,5-Mar-20,,0.8544666667,33.15039333,0.5179693699,1.0,0.0,0.0,0.0,,,1.0,12.066351,28.959242,,314.74799,777.758,710.993255,497.6952785,1,Severe
d85590ba,Uganda,kamuli,bwiiza,2020,lr,3-Mar-20,,0.909115,33.03449167,0.8087974191,0.0,0.0,1.0,0.0,,,0.0,0.0,0.0,,354.09152,874.97784,710.993255,497.6952785,1,Severe
f5ccb81b,Uganda,kamuli,bwiiza,2020,lr,26-Mar-20,,0.9092233333,33.03456833,0.5179693699,1.0,0.0,1.0,0.0,,,0.0,11.583696,28.959242,,1421.9865,3513.7996,710.993255,497.6952785,0,None
c869aea7,Uganda,iganga,kalalu,2020,lr,10-Mar-20,,0.6909983333,33.615115,1.078396559,0.0,0.0,1.0,1.0,,,1.0,0.0,0.0,,61.8255,152.77391,505.845,354.0915,1,Extreme
487048f5,Uganda,iganga,kalalu,2020,lr,13-Mar-20,,0.6913716667,33.61561833,1.03593874,1.0,0.0,1.0,1.0,,,0.0,12.066351,,,365.33249,902.75482,505.845,354.0915,1,None
9e92213e,Uganda,iganga,kalalu,2020,lr,,,0.6964983333,33.61311667,,1.0,0.0,1.0,1.0,,,1.0,0.0,0.0,,444.0195,1097.1943,505.845,354.0915,1,None
10ca3b28,Uganda,kamuli,bwiiza,2020,lr,25-Mar-20,,0.8894166667,33.083715,1.617594838,0.0,0.0,1.0,1.0,,,0.0,0.0,0.0,,399.05548,986.08606,710.993255,497.6952785,1,Mild
120b3042,Uganda,kamuli,bwiiza,2020,lr,10-Mar-20,,0.888625,33.08363667,0.5179693699,1.0,0.0,1.0,0.0,,,1.0,0.0,23.167393,,1545.6375,3819.3474,710.993255,497.6952785,0,None
ad350339,Uganda,iganga,nakalama,2020,lr,9-Mar-20,,0.73512,33.46279,0.5179693699,1.0,0.0,0.0,1.0,,,0.0,12.066351,,,1388.2635,3430.4688,505.845,354.0915,0,None
8c6f6709,Uganda,iganga,nakalama,2020,lr,20-Apr-20,,0.6334,33.52948333,1.078396559,0.0,0.0,1.0,1.0,,,0.0,5.5638161,0.0,,921.76196,2277.72,505.845,354.0915,0,None
6c1158a0,Uganda,iganga,nakalama,2020,lr,18-Mar-20,,0.6333783333,33.52950333,0.5179693699,1.0,0.0,1.0,0.0,,,1.0,0.0,0.0,,646.35748,1597.1816,505.845,354.0915,0,None
add163ea,Uganda,iganga,naibiri,2020,lr,23-Feb-20,,0.873275,33.5188,1.617594838,1.0,0.0,1.0,1.0,,,0.0,0.0,1.2364036,,168.61501,416.6561,505.845,354.0915,1,Severe
c2f17ef3,Uganda,iganga,naibiri,2020,lr,6-Mar-20,,0.87354,33.51595,0.5179693699,1.0,0.0,1.0,1.0,,,0.0,12.066351,28.476587,,505.845,1249.9683,505.845,354.0915,0,None
b4bfd770,Uganda,kamuli,bulange,2020,lr,16-Mar-20,,0.9247216667,33.27451,0.5179693699,1.0,0.0,0.0,1.0,,,0.0,12.066351,17.375546,,663.21899,1638.8473,710.993255,497.6952785,1,None
da098f00,Uganda,kamuli,nakulyaku,2020,lr,1-Mar-20,,0.9917,33.12727333,0.5391982794,1.0,0.0,1.0,0.0,,,0.0,0.0,0.0,,663.21899,1638.8473,710.993255,497.6952785,1,None
d9b3ae3c,Uganda,kamuli,nakulyaku,2020,lr,17-Mar-20,,0.9917533333,33.12723167,0.5179693699,1.0,0.0,1.0,0.0,,,0.0,,13.514313,,2405.574,5944.2935,710.993255,497.6952785,0,None
ea59751f,Uganda,kamuli,bulange,2020,lr,5-Mar-20,,0.9002066667,33.28261667,0.2589846849,1.0,0.0,1.0,1.0,,,0.0,9.65308,11.583696,,1101.618,2722.1533,710.993255,497.6952785,0,None
377477cc,Uganda,iganga,nakalama,2020,lr,6-May-20,,0.619795,33.527425,0.2071877569,1.0,1.0,0.0,0.0,,,0.0,12.06635,0.0,,460.88098,1138.86,505.845,354.0915,1,None
2a4273b6,Uganda,kamuli,bulange,2020,lr,4-Mar-20,,0.8932666667,33.28232667,0.5179693699,1.0,0.0,0.0,1.0,,,1.0,12.066351,15.444929,,1309.5764,3236.0288,710.993255,497.6952785,0,None
66e40e1f,Uganda,kamuli,kasozi,2020,lr,26-Mar-20,,1.02717,32.98427833,1.078396559,0.0,0.0,1.0,1.0,,,0.0,0.0,0.0,,910.52106,2249.9431,710.993255,497.6952785,0,None
6c39bc6f,Uganda,kamuli,kasozi,2020,lr,20-Mar-20,,1.030993333,32.98476167,0.2589846849,1.0,0.0,1.0,0.0,,,1.0,7.7224646,7.7224646,,460.88098,1138.86,710.993255,497.6952785,1,Mild
fa3143b0,Uganda,kamuli,kasozi,2020,lr,20-Apr-20,,1.026601667,33.013125,0.5179693699,1.0,0.0,1.0,0.0,,,1.0,11.583696,0.0,,595.77301,1472.1849,710.993255,497.6952785,1,None
4359987c,Uganda,jinja,butamira,2020,lr,28-Mar-20,,0.6131066667,33.19368,0.4280731082,1.0,0.0,0.0,1.0,,,0.0,3.5040743,0.0,,2124.5491,5249.8672,814.97247,570.480729,0,None
a2272fd1,Uganda,iganga,nakalama,2020,lr,15-Mar-20,,0.64595,33.53610833,0.5179693699,1.0,0.0,0.0,0.0,,,1.0,12.066351,17.375546,,1483.812,3666.5737,505.845,354.0915,0,None
a4f7522d,Uganda,iganga,kalalu,2020,lr,5-Apr-20,,0.6853283333,33.61594667,0.5391982794,0.0,0.0,1.0,1.0,,,1.0,0.0,0.0,,61.8255,152.77391,505.845,354.0915,1,Extreme
de570c7a,Uganda,iganga,kalalu,2020,lr,9-Mar-20,,0.6851416667,33.61531833,0.2589846849,1.0,0.0,1.0,0.0,,,0.0,7.7224646,34.751091,,325.98901,805.53516,505.845,354.0915,1,Mild
24e94dd1,Uganda,iganga,nakalama,2020,lr,16-Mar-20,,0.6263433333,33.51580667,0.2071877569,1.0,0.0,0.0,0.0,,,1.0,12.06635,,,1354.5405,3347.1375,505.845,354.0915,0,None
9a23da56,Uganda,jinja,butamira,2020,lr,15-Mar-20,,0.6359683333,33.20902167,0.5350914001,1.0,0.0,0.0,0.0,,,0.0,0.0,0.0,,921.76196,2277.72,814.97247,570.480729,0,None
a0276e52,Uganda,kamuli,bwiiza,2020,lr,19-Mar-20,,0.9744366667,32.97321167,3.235189676,0.0,0.0,1.0,1.0,,,0.0,0.0,0.0,,494.604,1222.1913,710.993255,497.6952785,1,Mild
4464eaa1,Uganda,kamuli,bwiiza,2020,lr,14-Mar-20,,0.9741816667,32.97328833,0.2378183901,1.0,0.0,1.0,1.0,,,0.0,10.512223,24.178114,,1624.3245,4013.7869,710.993255,497.6952785,0,None
1.31E+14,Uganda,kamuli,nakulyaku,2020,lr,3-Mar-20,,0.9896266667,33.11159667,0.2695991397,0.0,0.0,1.0,1.0,,,1.0,0.0,0.0,,517.086,1277.7454,710.993255,497.6952785,1,None
9d14094b,Uganda,kamuli,nakulyaku,2020,lr,6-Mar-20,,0.9901166667,33.11405667,0.5179693699,1.0,1.0,0.0,1.0,,,1.0,0.0,13.514313,,1776.078,4388.7773,710.993255,497.6952785,0,None
cb7526c9,Uganda,iganga,naibiri,2020,lr,15-Apr-20,,0.8153416667,33.53059167,0.2071877569,1.0,0.0,1.0,0.0,,,1.0,12.06635,1.206635,,702.5625,1736.067,505.845,354.0915,0,None
82ee035d,Uganda,kamuli,bwiiza,2020,lr,15-Mar-20,,0.96704,32.98296333,1.078396559,0.0,0.0,1.0,0.0,,,1.0,0.0,0.0,,674.46002,1666.6244,710.993255,497.6952785,1,None
155ee289,Uganda,kamuli,bwiiza,2020,lr,19-Mar-20,,0.9676666667,32.981965,0.2589846849,1.0,1.0,0.0,0.0,,,1.0,9.65308,21.236776,,359.71201,888.86633,710.993255,497.6952785,1,Mild
2bfe30b2,Uganda,iganga,naibiri,2020,lr,7-Mar-20,,0.82126,33.50857833,0.07426960766,0.0,0.0,1.0,1.0,,,1.0,0.0,0.0,,404.67599,999.97461,505.845,354.0915,1,None
125f978d,Uganda,iganga,naibiri,2020,lr,19-Mar-20,,0.8211116667,33.50925,0.2589846849,1.0,0.0,1.0,1.0,,,1.0,9.65308,27.028625,,764.388,1888.8409,505.845,354.0915,0,None
0953eef1,Uganda,kamuli,bwiiza,2020,lr,16-Mar-20,,0.9027183333,33.07416,1.078396559,0.0,0.0,1.0,0.0,,,0.0,0.0,0.0,,651.97803,1611.0703,710.993255,497.6952785,1,None
e215b0c3,Uganda,kamuli,bwiiza,2020,lr,14-Apr-20,,0.9024866667,33.073675,0.2589846849,1.0,0.0,1.0,0.0,,,0.0,0.0,0.0,,269.784,666.64972,710.993255,497.6952785,1,Severe
e8907d58,Uganda,kamuli,bulange,2020,lr,20-Apr-20,,0.91394,33.24757833,0.2376627326,0.0,0.0,0.0,1.0,,,1.0,0.0,0.0,,224.82001,555.5415,710.993255,497.6952785,1,Severe
855cddf8,Uganda,kamuli,bulange,2020,lr,8-Mar-20,,0.9145216667,33.247685,0.2589846849,1.0,0.0,0.0,0.0,,,0.0,9.65308,27.028625,,1781.6985,4402.666,710.993255,497.6952785,0,None
6d75bac6,Uganda,kamuli,buganza,2020,lr,20-Mar-20,,0.8631633333,33.17290167,,1.0,0.0,1.0,1.0,,,1.0,0.0,0.0,,882.41852,2180.5002,710.993255,497.6952785,0,None
691c0c51,Uganda,kamuli,kasozi,2020,lr,3-Apr-20,,0.9531983333,33.09232667,1.078396559,0.0,0.0,0.0,1.0,,,0.0,0.0,0.0,,511.46552,1263.8568,710.993255,497.6952785,1,None
6fe0df87,Uganda,iganga,nakalama,2020,lr,5-Apr-20,,0.6402716667,33.54185833,0.5179693699,1.0,0.0,1.0,1.0,,,0.0,12.066351,0.0,,438.39902,1083.3059,505.845,354.0915,1,None
9c52e273,Uganda,kamuli,bulange,2020,lr,5-Mar-20,,0.88835,33.25729833,0.5179693699,1.0,0.0,0.0,1.0,,,1.0,12.066351,21.236776,,792.49054,1958.2837,710.993255,497.6952785,0,None
95016552,Uganda,iganga,kalalu,2020,lr,21-Mar-20,,0.6934316667,33.61258333,0.5179693699,1.0,0.0,1.0,0.0,,,0.0,9.65308,13.514313,,702.5625,1736.067,505.845,354.0915,0,None
0211eb8f,Uganda,kamuli,nakulyaku,2020,lr,11-Mar-20,,0.9871,33.10754667,0.2589846849,1.0,0.0,1.0,0.0,,,1.0,7.7224646,28.959242,,764.388,1888.8409,710.993255,497.6952785,0,None
4ca175f6,Uganda,iganga,naibiri,2020,lr,13-Jan-20,,0.8536716667,33.53858667,0.2695991397,0.0,0.0,1.0,0.0,,,0.0,0.0,0.0,,56.205002,138.88538,505.845,354.0915,1,Extreme
dd911045,Uganda,iganga,kalalu,2020,lr,27-Mar-20,,0.7011533333,33.602875,1.078396559,0.0,0.0,1.0,0.0,,,1.0,0.0,0.0,,286.64551,708.31537,505.845,354.0915,1,Mild
6aef8a0c,Uganda,iganga,kalalu,2020,lr,10-Mar-20,,0.701265,33.60280333,0.5179693699,1.0,0.0,1.0,1.0,,,0.0,12.066351,0.0,,708.18304,1749.9557,505.845,354.0915,0,None
9192fef1,Uganda,kamuli,bwiiza,2020,lr,6-Mar-20,,0.9064466667,33.03496333,0.5179693699,1.0,0.0,1.0,0.0,,,1.0,0.0,12.549005,,713.80347,1763.8441,710.993255,497.6952785,0,None
5695f74d,Uganda,kamuli,bwiiza,2020,lr,15-Feb-20,,1.015105,32.96530667,0.1347995698,0.0,0.0,1.0,0.0,,,0.0,0.0,0.0,,1124.1,2777.7073,710.993255,497.6952785,0,None
d662fb5d,Uganda,kamuli,bwiiza,2020,lr,17-Apr-20,,1.01389,32.965555,0.5179693699,1.0,0.0,1.0,1.0,,,0.0,12.066351,0.0,,112.41,277.77075,710.993255,497.6952785,1,Extreme
e4a92308,Uganda,iganga,kalalu,2020,lr,11-Mar-20,,0.6712416667,33.61434,0.5179693699,1.0,0.0,1.0,1.0,,,0.0,9.65308,32.820473,,472.12198,1166.637,505.845,354.0915,1,None
e2da0649,Uganda,kamuli,kasozi,2020,lr,17-Mar-20,,1.051683333,32.98454333,0.5391982794,0.0,0.0,1.0,1.0,,,1.0,0.0,0.0,,337.23001,833.31219,710.993255,497.6952785,1,Severe
9b9e4b88,Uganda,kamuli,kasozi,2020,lr,27-Mar-20,,1.051693333,32.98453667,0.2589846849,1.0,0.0,0.0,1.0,,,0.0,7.7224646,7.7224646,,1618.704,3999.8984,710.993255,497.6952785,0,None
c4d47c46,Uganda,kamuli,buganza,2020,lr,20-Mar-19,,0.8473066667,33.16682833,0.2695991397,0.0,1.0,0.0,0.0,,,1.0,0.0,0.0,,674.46002,1666.6244,710.993255,497.6952785,1,None
823375b6,Uganda,kamuli,buganza,2020,lr,13-Mar-20,,0.847405,33.16633167,0.2589846849,1.0,0.0,0.0,0.0,,,1.0,9.65308,28.959242,,713.80347,1763.8441,710.993255,497.6952785,0,None
0b85cc69,Uganda,kamuli,buganza,2020,lr,10-Mar-20,,0.8637283333,33.17319167,0.123782672,0.0,0.0,1.0,1.0,,,1.0,0.0,0.0,,764.388,1888.8409,710.993255,497.6952785,0,None
85fcb326,Uganda,kamuli,buganza,2020,lr,26-Mar-20,,0.8637416667,33.1733,0.2589846849,1.0,0.0,0.0,1.0,,,0.0,9.65308,28.959242,,1225.2689,3027.7007,710.993255,497.6952785,0,None
5b1ef5c5,Uganda,iganga,kalalu,2020,lr,12-Apr-20,,0.6985383333,33.62067333,1.078396559,1.0,0.0,1.0,1.0,,,0.0,9.2730265,0.0,,674.46002,1666.6244,505.845,354.0915,0,None
cc05afc0,Uganda,iganga,kalalu,2020,lr,28-Mar-20,,0.69864,33.62065833,1.03593874,1.0,0.0,1.0,0.0,,,0.0,0.0,28.959242,,803.73151,1986.0608,505.845,354.0915,0,None
fd26e0bb,Uganda,kamuli,kasozi,2020,lr,23-Mar-20,,1.045795,32.9912,0.5391982794,0.0,0.0,1.0,0.0,,,0.0,0.0,0.0,,22.482,55.554146,710.993255,497.6952785,1,Extreme
90b50788,Uganda,kamuli,buganza,2020,lr,6-Mar-20,,0.8481766667,33.1668,0.5179693699,1.0,0.0,0.0,1.0,,,0.0,12.066351,28.959242,,938.62354,2319.3857,710.993255,497.6952785,0,None
a1f4c30d,Uganda,kamuli,buganza,2020,lr,7-Mar-20,,0.856685,33.17621,1.693338633,0.0,0.0,0.0,1.0,,,1.0,0.0,0.0,,708.18304,1749.9557,710.993255,497.6952785,1,None
495b171f,Uganda,kamuli,buganza,2020,lr,10-Mar-20,,0.8496883333,33.16016667,0.08746568114,0.0,0.0,0.0,1.0,,,0.0,0.0,0.0,,432.7785,1069.4174,710.993255,497.6952785,1,Mild
a9c1f280,Uganda,kamuli,buganza,2020,lr,15-Mar-20,,0.864585,33.17779333,0.635002017,1.0,0.0,0.0,0.0,,,1.0,0.0,0.0,,1079.136,2666.5989,710.993255,497.6952785,0,None
6e34faa5,Uganda,kamuli,buganza,2020,lr,18-Mar-20,,0.8512216667,33.16702833,0.4233346581,0.0,0.0,0.0,1.0,,,0.0,0.0,0.0,,1056.6539,2611.0447,710.993255,497.6952785,0,None
a45ff114,Uganda,kamuli,buganza,2020,lr,14-Feb-20,,0.963525,33.23325833,1.693338633,0.0,0.0,0.0,0.0,,,1.0,0.0,0.0,,899.28003,2222.166,710.993255,497.6952785,0,None
95cd1ae6,Uganda,kamuli,buganza,2020,lr,20-Feb-20,,0.84853,33.17549333,0.4233346581,0.0,0.0,0.0,1.0,,,1.0,0.0,0.0,,1483.812,3666.5737,710.993255,497.6952785,0,None
604fa1f5,Uganda,kamuli,buganza,2020,lr,24-Mar-20,,0.8629616667,33.17365,0.2798901796,0.0,0.0,1.0,0.0,,,1.0,0.0,0.0,,702.5625,1736.067,710.993255,497.6952785,1,None
4bdf7f7f,Uganda,kamuli,buganza,2020,lr,20-Mar-20,,0.86442,33.17502333,0.4233346581,0.0,0.0,0.0,1.0,,,1.0,,0.0,,635.11652,1569.4047,710.993255,497.6952785,1,None
fbb8ea80,Uganda,kamuli,buganza,2020,lr,15-Mar-20,,0.8639333333,33.177195,0.635002017,0.0,1.0,1.0,0.0,,,0.0,0.0,0.0,,382.194,944.42047,710.993255,497.6952785,1,Mild
2ec5a98e,Uganda,kamuli,buganza,2020,lr,5-Mar-20,,0.8486483333,33.16110333,0.1554945409,0.0,0.0,1.0,0.0,,,1.0,0.0,0.0,,292.26599,722.20386,710.993255,497.6952785,1,Severe
ca56e519,Uganda,kamuli,buganza,2020,lr,12-Mar-20,,0.8494916667,33.15735333,0.8466693163,0.0,0.0,0.0,0.0,,,0.0,0.0,0.0,,432.7785,1069.4174,710.993255,497.6952785,1,Mild
7fa2181b,Uganda,kamuli,bulange,2020,lr,5-Mar-20,,0.8915366667,33.26727,1.058336616,0.0,0.0,0.0,1.0,,,1.0,0.0,0.0,,854.31598,2111.0576,710.993255,497.6952785,0,None
2db16834,Uganda,kamuli,bulange,2020,lr,7-Mar-20,,0.89209,33.27356833,0.8466693163,1.0,0.0,0.0,1.0,,,1.0,0.0,0.0,,831.83398,2055.5034,710.993255,497.6952785,0,None
1bfe3746,Uganda,kamuli,bulange,2020,lr,3-Mar-20,,0.8909266667,33.26197833,0.4233346581,1.0,0.0,0.0,0.0,,,1.0,0.0,0.0,,899.28003,2222.166,710.993255,497.6952785,0,None
e25b00de,Uganda,kamuli,bulange,2020,lr,10-Mar-20,,0.8966266667,33.26914167,0.8466693163,0.0,1.0,1.0,0.0,,,1.0,0.0,0.0,,314.74799,777.758,710.993255,497.6952785,1,Severe
9e0e35b8,Uganda,kamuli,bulange,2020,lr,10-Mar-20,,0.902295,33.27236333,0.4233346581,0.0,0.0,0.0,0.0,,,1.0,0.0,0.0,,202.338,499.9873,710.993255,497.6952785,1,Extreme
7546924f,Uganda,kamuli,bulange,2020,lr,25-Mar-20,,0.8972316667,33.25035,0.4664836526,0.0,0.0,0.0,1.0,,,1.0,0.0,0.0,,517.086,1277.7454,710.993255,497.6952785,1,None
0c9d9282,Uganda,kamuli,bulange,2020,lr,10-Mar-20,,0.886025,33.28100833,0.01943681762,0.0,0.0,0.0,0.0,,,0.0,,0.0,,1169.064,2888.8154,710.993255,497.6952785,0,None
634e8eea,Uganda,kamuli,bulange,2020,lr,15-Mar-20,,0.916655,33.24927833,0.8466693163,1.0,0.0,0.0,0.0,,,1.0,0.0,0.0,,337.23001,833.31219,710.993255,497.6952785,1,Severe
c6c6d32f,Uganda,kamuli,bulange,2020,lr,15-Mar-20,,0.8927633333,33.275985,0.3109890819,0.0,0.0,0.0,1.0,,,1.0,3.2155471,0.0,,1393.8839,3444.3569,710.993255,497.6952785,0,None
b15c684a,Uganda,kamuli,bulange,2020,lr,5-Mar-20,,0.8923666667,33.27249667,0.09718409181,1.0,0.0,0.0,1.0,,,1.0,0.0,0.0,,803.73151,1986.0608,710.993255,497.6952785,0,None
1615b90c,Uganda,kamuli,bulange,2020,lr,14-Mar-20,,0.8945016667,33.25538333,0.4233346581,0.0,0.0,0.0,0.0,,,1.0,0.0,0.0,,562.04999,1388.8536,710.993255,497.6952785,1,None
e9920a22,Uganda,kamuli,bulange,2020,lr,28-Mar-20,,0.9026833333,33.270665,0.2116673291,0.0,0.0,0.0,1.0,,,1.0,0.0,0.0,,134.892,333.32486,710.993255,497.6952785,1,Extreme
80e88244,Uganda,kamuli,bulange,2020,lr,10-Mar-20,,0.9159133333,33.25375333,0.1263393164,0.0,0.0,0.0,0.0,,,1.0,0.0,0.0,,719.42401,1777.7327,710.993255,497.6952785,0,None
dc62960a,Uganda,jinja,butamira,2020,lr,22-Apr-20,,0.625115,33.22709,0.4664836526,1.0,0.0,1.0,1.0,,,1.0,,17.149582,,601.39349,1486.0734,814.97247,570.480729,1,None
b4b1a8c5,Uganda,jinja,butamira,2020,lr,17-Mar-20,,0.62956,33.20954833,0.4233346581,0.0,0.0,0.0,1.0,,,1.0,0.0,0.0,,1124.1,2777.7073,814.97247,570.480729,0,None
be2eaa4c,Uganda,jinja,butamira,2020,lr,15-Mar-20,,0.6233666667,33.21572,0.1058336645,0.0,0.0,0.0,0.0,,,1.0,0.0,0.0,,921.76196,2277.72,814.97247,570.480729,0,None
fa253f54,Uganda,jinja,butamira,2020,lr,24-Feb-20,,0.611215,33.21465,0.8466693163,0.0,0.0,0.0,0.0,,,1.0,0.0,0.0,,365.33249,902.75482,814.97247,570.480729,1,Severe
76316cce,Uganda,jinja,butamira,2020,lr,7-Feb-20,,0.61331,33.19117,0.314876467,0.0,0.0,0.0,1.0,,,1.0,0.0,0.0,,0.0,0.0,814.97247,570.480729,1,Extreme
232610cf,Uganda,jinja,butamira,2020,lr,14-Mar-20,,0.6216466667,33.21046833,,0.0,0.0,0.0,1.0,,,1.0,0.0,0.0,,483.36301,1194.4142,814.97247,570.480729,1,Mild
f9df535d,Uganda,jinja,butamira,2020,lr,6-Feb-20,,0.6175583333,33.22253833,0.4233346581,1.0,1.0,0.0,1.0,,,1.0,11.810987,0.0,,359.71201,888.86633,814.97247,570.480729,1,Severe
cf84ed48,Uganda,jinja,butamira,2020,lr,6-Mar-20,,0.631695,33.23250667,0.5291683078,0.0,0.0,1.0,1.0,,,1.0,0.0,0.0,,494.604,1222.1913,814.97247,570.480729,1,Mild
37609961,Uganda,jinja,butamira,2020,lr,15-Apr-20,,0.6384666667,33.22658167,0.02915522829,0.0,0.0,0.0,1.0,,,1.0,0.0,0.0,,505.845,1249.9683,814.97247,570.480729,1,Mild
70c680d6,Uganda,jinja,butamira,2020,lr,25-Feb-20,,0.6333466667,33.19657333,0.8466693163,0.0,1.0,0.0,1.0,,,1.0,0.0,0.0,,281.02499,694.42682,814.97247,570.480729,1,Severe
7cbefc27,Uganda,jinja,butamira,2020,lr,15-Mar-20,,0.621755,33.21096,3.673558712,0.0,0.0,1.0,0.0,,,1.0,0.0,0.0,,505.845,1249.9683,814.97247,570.480729,1,Mild
de8eb58a,Uganda,jinja,butamira,2020,lr,21-Feb-20,,0.6216133333,33.239605,0.8466693163,0.0,0.0,1.0,1.0,,,1.0,0.0,0.0,,584.53198,1444.4077,814.97247,570.480729,1,None
0b585646,Uganda,jinja,butamira,2020,lr,10-Mar-20,,0.6186183333,33.22739667,0.3109890819,0.0,0.0,1.0,1.0,,,1.0,0.0,0.0,,146.133,361.10193,814.97247,570.480729,1,Extreme
0da7276a,Uganda,jinja,butamira,2020,lr,2-Feb-20,,0.6289983333,33.21886667,0.07774727046,0.0,0.0,1.0,1.0,,,1.0,0.0,0.0,,472.12198,1166.637,814.97247,570.480729,1,Mild
479edd98,Uganda,jinja,butamira,2020,lr,3-Mar-20,,0.62678,33.208795,2.116673231,1.0,0.0,0.0,1.0,,,0.0,5.6692739,0.0,,1062.2745,2624.9336,814.97247,570.480729,0,None
2b46d1a7,Uganda,kamuli,bwiiza,2020,lr,20-Mar-20,,0.915165,33.05955167,1.693338633,1.0,0.0,1.0,1.0,,,1.0,2.9527466,0.0,,387.81451,958.30908,710.993255,497.6952785,1,Mild
3679f0cf,Uganda,kamuli,bwiiza,2020,lr,4-Apr-20,,0.9131616667,33.02922167,1.270004034,0.0,0.0,1.0,0.0,,,1.0,0.0,0.0,,269.784,666.64972,710.993255,497.6952785,1,Severe
f33616d2,Uganda,kamuli,bwiiza,2020,lr,14-Feb-20,,1.016123333,32.955935,0.8466693163,0.0,0.0,1.0,0.0,,,1.0,0.0,0.0,,286.64551,708.31537,710.993255,497.6952785,1,Severe
d5693b64,Uganda,kamuli,bwiiza,2020,lr,28-Mar-20,,0.9364533333,33.11171333,0.4233346581,0.0,0.0,1.0,1.0,,,1.0,0.0,0.0,,786.87,1944.3951,710.993255,497.6952785,0,None
5ab6bf9c,Uganda,kamuli,bwiiza,2020,lr,7-Mar-20,,0.9129816667,33.02988833,2.540008068,1.0,0.0,1.0,0.0,,,0.0,0.0,0.0,,292.26599,722.20386,710.993255,497.6952785,1,Severe
f306a1bf,Uganda,kamuli,bwiiza,2020,lr,6-Mar-20,,0.9851066667,32.97184667,0.4233346581,1.0,0.0,1.0,0.0,,,1.0,0.0,0.0,,359.71201,888.86633,710.993255,497.6952785,1,Mild
822f2a0c,Uganda,kamuli,bwiiza,2020,lr,12-Mar-20,,0.9602383333,32.98692,2.751675367,0.0,0.0,1.0,0.0,,,1.0,0.0,0.0,,685.70099,1694.4015,710.993255,497.6952785,1,None
4.31E+12,Uganda,kamuli,bwiiza,2020,lr,5-Apr-20,,0.9833883333,32.97072667,0.4233346581,0.0,0.0,1.0,1.0,,,1.0,0.0,0.0,,876.79803,2166.6118,710.993255,497.6952785,0,None
e27fc4d3,Uganda,kamuli,bwiiza,2020,lr,14-Mar-20,,0.9558183333,32.991015,0.8466693163,0.0,0.0,1.0,0.0,,,1.0,0.0,0.0,,741.90601,1833.2869,710.993255,497.6952785,0,None
14681804,Uganda,kamuli,bwiiza,2020,lr,15-Mar-20,,0.941915,32.996315,0.8466693163,1.0,0.0,1.0,0.0,,,1.0,0.0,0.0,,944.24396,2333.2739,710.993255,497.6952785,0,None
752cd103,Uganda,kamuli,bwiiza,2020,lr,7-Apr-20,,0.90275,33.0234,4.233346462,0.0,0.0,1.0,0.0,,,1.0,0.0,0.0,,814.97247,2013.8378,710.993255,497.6952785,0,None
8847d1de,Uganda,kamuli,bwiiza,2020,lr,15-Mar-20,,0.9691216667,32.98029833,1.270004034,1.0,0.0,1.0,0.0,,,1.0,0.0,0.0,,623.87555,1541.6277,710.993255,497.6952785,1,None
1190a961,Uganda,kamuli,bwiiza,2020,lr,17-Mar-20,,0.9869816667,32.973895,0.8466693163,0.0,0.0,1.0,0.0,,,0.0,0.0,0.0,,1354.5405,3347.1375,710.993255,497.6952785,0,None
e5660e19,Uganda,kamuli,bwiiza,2020,lr,5-Mar-20,,0.9130816667,33.02556167,0.8466693163,0.0,1.0,1.0,0.0,,,1.0,0.0,0.0,,607.01404,1499.962,710.993255,497.6952785,1,None
4f3a3333,Uganda,kamuli,bwiiza,2020,lr,15-Mar-20,,0.9790216667,32.97516,0.4233346581,0.0,0.0,1.0,0.0,,,1.0,0.0,0.0,,646.35748,1597.1816,710.993255,497.6952785,1,None
ac775775,Uganda,iganga,kalalu,2020,lr,7-Mar-20,,0.67488,33.615245,1.693338633,0.0,0.0,1.0,1.0,,,1.0,0.0,0.0,,134.892,333.32486,505.845,354.0915,1,Extreme
5e4cb585,Uganda,iganga,kalalu,2020,lr,5-Mar-20,,0.679425,33.609575,1.270004034,1.0,0.0,1.0,0.0,,,0.0,3.9369953,0.0,,325.98901,805.53516,505.845,354.0915,1,Mild
079745d1,Uganda,iganga,kalalu,2020,lr,27-Mar-20,,0.6730766667,33.61352,0.4233346581,0.0,0.0,1.0,1.0,,,1.0,0.0,0.0,,320.3685,791.64661,505.845,354.0915,1,Mild
48ee96d2,Uganda,iganga,kalalu,2020,lr,18-Mar-20,,0.6750116667,33.61495667,0.4233346581,1.0,0.0,1.0,0.0,,,1.0,0.0,0.0,,134.892,333.32486,505.845,354.0915,1,Extreme
31f3bb5b,Uganda,iganga,kalalu,2020,lr,25-Mar-20,,0.6960666667,33.61265667,0.8466693163,0.0,0.0,1.0,0.0,,,1.0,0.0,0.0,,140.5125,347.21341,505.845,354.0915,1,Extreme
d5f4c028,Uganda,iganga,kalalu,2020,lr,14-Apr-20,,0.6780033333,33.61310667,0.8466693163,1.0,0.0,1.0,0.0,,,1.0,0.0,0.0,,607.01404,1499.962,505.845,354.0915,0,None
7b8f5f7a,Uganda,iganga,kalalu,2020,lr,18-Feb-20,,0.675095,33.613875,0.4233346581,0.0,0.0,1.0,0.0,,,1.0,0.0,0.0,,67.445999,166.66243,505.845,354.0915,1,Extreme
69cd0666,Uganda,iganga,kalalu,2020,lr,27-Jan-20,,0.6748133333,33.61554833,1.693338633,1.0,0.0,1.0,1.0,,,1.0,0.0,0.0,,545.18848,1347.188,505.845,354.0915,0,None
9a8e3edd,Uganda,iganga,kalalu,2020,lr,12-Mar-20,,0.6867333333,33.615595,0.4233346581,0.0,0.0,1.0,0.0,,,1.0,9.4487896,0.0,,382.194,944.42047,505.845,354.0915,1,None
126733db,Uganda,iganga,kalalu,2020,lr,15-Feb-20,,0.677325,33.613545,0.8466693163,0.0,0.0,1.0,0.0,,,0.0,0.0,0.0,,191.097,472.21024,505.845,354.0915,1,Severe
47960097,Uganda,kamuli,kasozi,2020,lr,4-Mar-20,,1.049928333,33.01229167,1.693338633,0.0,0.0,0.0,0.0,,,0.0,0.0,0.0,,1236.51,3055.478,710.993255,497.6952785,0,None
383a8c89,Uganda,kamuli,kasozi,2020,lr,9-Mar-20,,1.023886667,32.977185,2.540008068,0.0,0.0,1.0,0.0,,,1.0,0.0,0.0,,702.5625,1736.067,710.993255,497.6952785,1,None
f19ddb09,Uganda,kamuli,kasozi,2020,lr,25-Mar-20,,1.033481667,33.01441,0.8466693163,0.0,0.0,0.0,1.0,,,1.0,0.0,0.0,,168.61501,416.6561,710.993255,497.6952785,1,Extreme
da8a62d1,Uganda,iganga,naibiri,2020,lr,21-Mar-20,,0.830265,33.50439833,2.540008068,0.0,0.0,1.0,1.0,,,1.0,0.0,0.0,,595.77301,1472.1849,505.845,354.0915,0,None
36a20baa,Uganda,iganga,naibiri,2020,lr,8-Feb-20,,0.8335883333,33.53454333,2.116673231,1.0,0.0,1.0,1.0,,,0.0,0.0,0.0,,286.64551,708.31537,505.845,354.0915,1,Mild
c978002e,Uganda,iganga,naibiri,2020,lr,23-Feb-20,,0.84396,33.52952833,0.4233346581,0.0,0.0,1.0,0.0,,,0.0,0.0,0.0,,219.19951,541.65295,505.845,354.0915,1,Severe
045916f2,Uganda,iganga,naibiri,2020,lr,6-Mar-20,,0.8345216667,33.50568833,0.635002017,1.0,0.0,0.0,1.0,,,0.0,6.2991924,0.0,,505.845,1249.9683,505.845,354.0915,0,None
5fce38cf,Uganda,iganga,naibiri,2020,lr,5-Mar-20,,0.8440466667,33.53006333,0.635002017,0.0,0.0,1.0,1.0,,,0.0,0.0,0.0,,505.845,1249.9683,505.845,354.0915,0,None
26499274,Uganda,iganga,naibiri,2020,lr,12-Mar-20,,0.8345483333,33.52091,0.8466693163,0.0,0.0,0.0,1.0,,,0.0,0.0,0.0,,888.039,2194.3887,505.845,354.0915,0,None
2b14e746,Uganda,iganga,naibiri,2020,lr,1-Mar-20,,0.8420366667,33.50223833,1.270004034,1.0,0.0,1.0,1.0,,,1.0,0.0,0.0,,449.64001,1111.083,505.845,354.0915,1,None
fb3d5814,Uganda,iganga,naibiri,2020,lr,30-Mar-20,,0.8343316667,33.53672167,0.8466693163,1.0,0.0,1.0,1.0,,,0.0,0.0,0.0,,410.29651,1013.8632,505.845,354.0915,1,None
8a3612cf,Uganda,iganga,naibiri,2020,lr,15-Mar-20,,0.8166416667,33.497625,0.8466693163,0.0,0.0,1.0,0.0,,,1.0,0.0,0.0,,595.77301,1472.1849,505.845,354.0915,0,None
e0a47740,Uganda,iganga,naibiri,2020,lr,23-Mar-20,,0.8438766667,33.52922667,1.693338633,1.0,0.0,1.0,1.0,,,0.0,0.0,0.0,,505.845,1249.9683,505.845,354.0915,0,None
0cfd78f2,Uganda,iganga,naibiri,2020,lr,13-Apr-20,,0.842715,33.51440167,0.8466693163,0.0,0.0,1.0,0.0,,,0.0,0.0,0.0,,944.24396,2333.2739,505.845,354.0915,0,None
a8b45469,Uganda,iganga,nakalama,2020,lr,23-Feb-20,,0.7272033333,33.47814,0.2116673291,0.0,0.0,0.0,1.0,,,1.0,0.0,0.0,,528.32697,1305.5223,505.845,354.0915,0,None
1f92b79b,Uganda,iganga,nakalama,2020,lr,13-Mar-20,,0.6360716667,33.509675,1.270004034,0.0,1.0,0.0,1.0,,,1.0,0.0,0.0,,612.63446,1513.8503,505.845,354.0915,0,None
2a24bb39,Uganda,iganga,nakalama,2020,lr,19-Apr-20,,0.7253566667,33.48770167,0.2116673291,0.0,0.0,1.0,1.0,,,0.0,0.0,0.0,,854.31598,2111.0576,505.845,354.0915,0,None
0d68e960,Uganda,iganga,nakalama,2020,lr,25-Feb-20,,0.6695133333,33.521805,0.4233346581,0.0,0.0,0.0,0.0,,,0.0,0.0,0.0,,320.3685,791.64661,505.845,354.0915,1,Mild
e4c65c39,Uganda,iganga,nakalama,2020,lr,9-Mar-20,,0.6380566667,33.5427,0.8466693163,0.0,0.0,1.0,1.0,,,1.0,,,,736.28552,1819.3983,505.845,354.0915,0,None
08c986c7,Uganda,iganga,nakalama,2020,lr,26-Apr-20,,0.6447633333,33.53415333,0.4233346581,1.0,0.0,1.0,1.0,,,0.0,5.9054933,0.0,,1079.136,2666.5989,505.845,354.0915,0,None
998b2e3e,Uganda,kamuli,nakulyaku,2020,lr,21-Mar-20,,0.947525,33.08679,0.8466693163,0.0,0.0,1.0,0.0,,,1.0,0.0,0.0,,67.445999,166.66243,710.993255,497.6952785,1,Extreme
bc34d268,Uganda,kamuli,nakulyaku,2020,lr,30-Jan-20,,0.9943483333,33.11127833,1.693338633,0.0,0.0,1.0,0.0,,,1.0,0.0,0.0,,230.44049,569.42999,710.993255,497.6952785,1,Severe
